commit	primary_score	memory_gb	training_min	datasets	status	description
d24b573	45.76	84.6	51.5	snli;mnli;all-nli	contaminated	baseline ModernBERT-base 4-stage; snli/mnli overlap with SICK-R(2.9%) and STSBench(3.0%)
a3fa28a	43.34	71.3	51.5	all-nli;quora;msmarco	contaminated	remove snli/mnli but all-nli still has Flickr overlap SICK-R(2.0%) STSBench(1.9%)
e0931b1	27.20	75.3	51.5	se-dups;nq;msmarco	keep	exp-3 first clean baseline: SE+NQ+MSMARCO, contamination PASS (0% all tasks)
892d982	33.80	79.5	51.5	mrpc;qqp;mnli-nonpic	contaminated	MRPC news text overlaps STSBenchmark (2.95%)
8136ecc	32.69	78.4	50.8	glue;ms_marco;multi_nli;sentence-transformers/all-nli;sentence-transformers/stackexchange-duplicates	discard	test: verify wrapper pipeline with MPS optimizations
1e3d2d1	0.00	0.0	0.0		crash	exp-8: projection_dim=768 + reddit diversity; targeting clustering(9%→fix) and retrieval(3%→fix)
e1724f2	0.00	0.0	0.0		crash	exp-9: fix OOM - reduce batch sizes (256→128 warmup/contrastive, 128→64 finetune); same proj_dim=768 + reddit
d19b9dc	0.00	0.0	0.0		crash	exp-10: fix OOM - batch_size 64/64/32 (9GB/step); proj_dim=768 + reddit; baseline for larger batches
4ad1e87	32.67	32.5	75.5	sentence-transformers/reddit-title-body;ms_marco;sentence-transformers/natural-questions;sentence-transformers/stackexchange-duplicates;glue	keep	exp-11: fix hard-neg mining OOM - reduce to 8K docs + batch_size=32; same proj_dim=768 + reddit + 64/64/32 batches
64cea21	34.66	34.7	75.3	glue;sentence-transformers/stackexchange-duplicates;sentence-transformers/natural-questions;sentence-transformers/reddit-title-body;ms_marco;ag_news	keep	exp-12: add ag_news same-label pairs for clustering + finetune temp 0.02→0.05; target clustering(9%→15%)
7a8f211	38.44	37.8	75.3	sentence-transformers/reddit-title-body;ag_news;fancyzhx/dbpedia_14;ms_marco;glue;sentence-transformers/natural-questions;yahoo_answers_topics;sentence-transformers/stackexchange-duplicates	keep	exp-13: add DBpedia-14 (14 classes) + Yahoo Answers (10 classes) for finer clustering; target 20News/Reddit cluster improvement
1537540	38.84	37.0	75.3	sentence-transformers/stackexchange-duplicates;sentence-transformers/reddit-title-body;glue;ag_news;yahoo_answers_topics;fancyzhx/dbpedia_14;stanfordnlp/snli;sentence-transformers/natural-questions;ms_marco	keep	exp-14: add SNLI entailment pairs for STS signal; DBpedia+Yahoo+SNLI; target STS>65, primary>40
b557dad	36.88	35.3	75.3	glue;hotpot_qa;sentence-transformers/stackexchange-duplicates;ag_news;nyu-mll/multi_nli;ms_marco;fancyzhx/dbpedia_14;sentence-transformers/reddit-title-body;sentence-transformers/natural-questions;yahoo_answers_topics;stanfordnlp/snli	discard	exp-15: add MultiNLI + HotpotQA for more NLI diversity and retrieval signal; target SciFact recovery + primary>40
81f881a	40.97	37.0	105.3	sentence-transformers/reddit-title-body;ms_marco;fancyzhx/dbpedia_14;stanfordnlp/snli;ag_news;sentence-transformers/stackexchange-duplicates;yahoo_answers_topics;glue;sentence-transformers/natural-questions	keep	exp-16: extend training 30→45min (contrastive+finetune); same exp-14 data (SNLI+DBpedia+Yahoo); target primary>40
2c1dc30	36.24	37.0	135.7	fancyzhx/dbpedia_14;yahoo_answers_topics;sentence-transformers/natural-questions;ag_news;sentence-transformers/reddit-title-body;ms_marco;stanfordnlp/snli;sentence-transformers/stackexchange-duplicates;glue	discard	exp-17: extend to 60min (contrastive+finetune) + 16K mining set (was 8K); target primary>42
bb845eb	42.05	37.0	105.3	sentence-transformers/reddit-title-body;yahoo_answers_topics;glue;ag_news;fancyzhx/dbpedia_14;sentence-transformers/stackexchange-duplicates;stanfordnlp/snli;ms_marco;sentence-transformers/natural-questions	keep	exp-18: CLS pooling instead of mean pooling; 45+45min; exp-14 data; target SciFact+STS improvement
29710c9	28.11	37.2	105.3	yahoo_answers_topics;ms_marco;sentence-transformers/natural-questions;sentence-transformers/stackexchange-duplicates;ag_news;stanfordnlp/snli;glue;sentence-transformers/reddit-title-body;fancyzhx/dbpedia_14	discard	exp-19: cls_mean pooling (CLS+mean concat→project) for best of both; 45+45min; target SprintDup recovery + STS/clustering retention
2ffcdff	38.19	39.7	105.3	stanfordnlp/snli;sentence-transformers/natural-questions;google-research-datasets/paws;glue;ag_news;sentence-transformers/stackexchange-duplicates;yahoo_answers_topics;ms_marco;sentence-transformers/reddit-title-body;fancyzhx/dbpedia_14	discard	exp-20: CLS pooling + PAWS paraphrase pairs for SprintDup/Twitter recovery; 45+45min; target primary>43
cf430a0	41.10	37.0	120.3	fancyzhx/dbpedia_14;ms_marco;ag_news;sentence-transformers/reddit-title-body;sentence-transformers/stackexchange-duplicates;stanfordnlp/snli;yahoo_answers_topics;glue;sentence-transformers/natural-questions	discard	exp-21: CLS pooling + 30min warmup (vs 15min); 45+45min contrastive/fine-tune; better CLS init; target primary>43
3e019c1	40.52	37.0	105.3	yahoo_answers_topics;ms_marco;ag_news;glue;fancyzhx/dbpedia_14;stanfordnlp/snli;sentence-transformers/natural-questions;sentence-transformers/reddit-title-body;sentence-transformers/stackexchange-duplicates	discard	exp-22: CLS pooling + lower finetune temp 0.05→0.03 (harder retrieval training); 15+45+45min; target SciFact>30 NFCorpus>15
bff05d5	41.31	37.0	105.3	sentence-transformers/stackexchange-duplicates;ag_news;ms_marco;sentence-transformers/natural-questions;fancyzhx/dbpedia_14;stanfordnlp/snli;sentence-transformers/reddit-title-body;yahoo_answers_topics;glue	discard	exp-24: symmetric InfoNCE clean test (temp=0.05 all stages) + CLS pooling; 15+45+45min; target primary>42.05 vs exp-18
1655705	38.98	36.4	105.5	ag_news;stanfordnlp/snli;hotpot_qa;yahoo_answers_topics;ms_marco;sentence-transformers/stackexchange-duplicates;sentence-transformers/natural-questions;glue;sentence-transformers/reddit-title-body;fancyzhx/dbpedia_14	discard	exp-25: add HotpotQA retrieval pairs + 12K mining (vs 8K); CLS pooling; std InfoNCE; target SciFact>30 NFCorpus>15
f4dfb5d	26.07	38.1	105.3	yahoo_answers_topics;sentence-transformers/quora-duplicates;sentence-transformers/stackexchange-duplicates;sentence-transformers/natural-questions;ms_marco;fancyzhx/dbpedia_14;sentence-transformers/reddit-title-body;ag_news;glue;stanfordnlp/snli	discard	exp-26: add Quora duplicate question pairs (30K); CLS pooling; std InfoNCE; target pair classification Sprint>65 Twitter>65
3413b89	34.73	37.0	105.3	sentence-transformers/stackexchange-duplicates;ag_news;stanfordnlp/snli;ms_marco;yahoo_answers_topics;sentence-transformers/reddit-title-body;fancyzhx/dbpedia_14;glue;sentence-transformers/natural-questions	discard	exp-27: increase hard_neg_weight 2.0→3.0 in fine-tuning; CLS pooling; std InfoNCE; 8K mining; target SciFact>32 NFCorpus>15
512e72b	21.52	42.0	105.6	fancyzhx/dbpedia_14;ag_news;sentence-transformers/reddit-title-body;sentence-transformers/natural-questions;glue;stanfordnlp/snli;sentence-transformers/stackexchange-duplicates;ms_marco;yahoo_answers_topics	discard	exp-28: ModernBERT-large (1024-dim, 28 layers, 395M params); CLS pooling; std InfoNCE; batch 32/32/16; target primary>45
529513d	39.44	37.0	105.3	sentence-transformers/natural-questions;ag_news;ms_marco;sentence-transformers/stackexchange-duplicates;stanfordnlp/snli;glue;yahoo_answers_topics;sentence-transformers/reddit-title-body;fancyzhx/dbpedia_14	discard	exp-30: contrastive temp 0.05→0.07 (softer contrastive loss); CLS pooling; std InfoNCE; target pair classification improvement while retaining STS/clustering/retrieval
4425acd	41.30	37.0	105.3	sentence-transformers/stackexchange-duplicates;yahoo_answers_topics;stanfordnlp/snli;fancyzhx/dbpedia_14;glue;ms_marco;sentence-transformers/reddit-title-body;sentence-transformers/natural-questions;ag_news	discard	exp-31: increase hard neg top_k 7→10; CLS pooling; std InfoNCE; temp=0.05; target retrieval improvement SciFact>30 NFCorpus>15
3a5d519	43.84	37.0	105.3	sentence-transformers/reddit-title-body;yahoo_answers_topics;stanfordnlp/snli;glue;sentence-transformers/natural-questions;sentence-transformers/stackexchange-duplicates;ag_news;fancyzhx/dbpedia_14;ms_marco	keep	exp-32: reduce hard_neg_weight 2.0→1.5 in fine-tuning; CLS pooling; std InfoNCE; top_k=7; target clustering improvement while retaining retrieval
85bb1cf	55.16	37.0	105.3	sentence-transformers/reddit-title-body;fancyzhx/dbpedia_14;glue;yahoo_answers_topics;sentence-transformers/stackexchange-duplicates;ag_news;stanfordnlp/snli;sentence-transformers/natural-questions;ms_marco	keep	exp-33: reduce hard_neg_weight 1.5→1.0 in fine-tuning; CLS pooling; std InfoNCE; top_k=7; target further pair/STS improvement; new baseline exp-32 primary=43.84
40c0a61	53.48	37.0	105.3	sentence-transformers/natural-questions;sentence-transformers/stackexchange-duplicates;fancyzhx/dbpedia_14;stanfordnlp/snli;sentence-transformers/reddit-title-body;glue;ag_news;yahoo_answers_topics;ms_marco	discard	exp-34: reduce hard_neg_weight 1.0→0.5; CLS pooling; std InfoNCE; top_k=7; test if in-batch negatives dominate further helps; new champion exp-33 primary=55.16
a68d6c1	54.21	37.0	105.3	glue;sentence-transformers/natural-questions;sentence-transformers/stackexchange-duplicates;stanfordnlp/snli;yahoo_answers_topics;sentence-transformers/reddit-title-body;ag_news;ms_marco;fancyzhx/dbpedia_14	discard	exp-35: fine-tuning temp 0.05→0.03 (colder); hard_neg_weight=1.0; target retrieval boost from harder negatives; baseline exp-33 primary=55.16
6905657	53.78	69.3	106.4	sentence-transformers/stackexchange-duplicates;ag_news;yahoo_answers_topics;fancyzhx/dbpedia_14;ms_marco;glue;sentence-transformers/natural-questions;sentence-transformers/reddit-title-body;stanfordnlp/snli	discard	exp-36: contrastive batch_size 64→128 (2x in-batch negatives); hard_neg_weight=1.0; temp=0.05; target retrieval+clustering from denser negatives; baseline exp-33 primary=55.16
df8b8e1	53.90	37.0	105.3	ms_marco;yahoo_answers_topics;sentence-transformers/stackexchange-duplicates;sentence-transformers/reddit-title-body;ag_news;sentence-transformers/natural-questions;fancyzhx/dbpedia_14;glue;stanfordnlp/snli	discard	exp-37: hard_neg_mining top_k 7→14 (2x hard negs per query); batch=64; hard_neg_weight=1.0; temp=0.05; target retrieval boost from more negatives; baseline exp-33 primary=55.16
a100b4b	50.59	37.0	105.3	sentence-transformers/natural-questions;sentence-transformers/reddit-title-body;sentence-transformers/stackexchange-duplicates;ag_news;glue;ms_marco;yahoo_answers_topics;fancyzhx/dbpedia_14;stanfordnlp/snli	discard	exp-38: fine-tuning LR 1e-5→3e-5 (3x); hard_neg_weight=1.0; top_k=7; temp=0.05; target better optimization in fine-tuning; baseline exp-33 primary=55.16
560237d	53.15	37.0	120.3	stanfordnlp/snli;ms_marco;glue;yahoo_answers_topics;fancyzhx/dbpedia_14;sentence-transformers/reddit-title-body;sentence-transformers/natural-questions;sentence-transformers/stackexchange-duplicates;ag_news	discard	exp-39: contrastive duration 45→60 min (+33% contrastive training); hard_neg_weight=1.0; LR=1e-5; top_k=7; target retrieval+clustering from better representations; baseline exp-33 primary=55.16
429a02b	54.15	37.0	105.3	yahoo_answers_topics;sentence-transformers/natural-questions;fancyzhx/dbpedia_14;sentence-transformers/reddit-title-body;ag_news;stanfordnlp/snli;ms_marco;sentence-transformers/stackexchange-duplicates;glue	discard	exp-40: source_stratification=false (mixed-source batches vs per-source); hard_neg_weight=1.0; LR=1e-5; top_k=7; target diversity in contrastive batches; baseline exp-33 primary=55.16
43372b1	54.86	37.0	105.3	sentence-transformers/natural-questions;sentence-transformers/reddit-title-body;yahoo_answers_topics;sentence-transformers/stackexchange-duplicates;stanfordnlp/snli;fancyzhx/dbpedia_14;ag_news;glue;ms_marco	discard	exp-41: fine-tuning warmup_ratio 0.0→0.1 (LR warmup before hard-neg fine-tuning); hard_neg_weight=1.0; LR=1e-5; top_k=7; target smoother adaptation to hard negs; baseline exp-33 primary=55.16
30191ff	52.98	37.0	105.3	fancyzhx/dbpedia_14;sentence-transformers/natural-questions;ms_marco;glue;ag_news;yahoo_answers_topics;sentence-transformers/stackexchange-duplicates;sentence-transformers/reddit-title-body;stanfordnlp/snli	discard	exp-42: contrastive LR 5e-5→8e-5 (1.6x faster learning in contrastive); hard_neg_weight=1.0; top_k=7; temp=0.05; target better contrastive representations; baseline exp-33 primary=55.16
f37c1f8	52.96	37.2	105.3	glue;sentence-transformers/stackexchange-duplicates;fancyzhx/dbpedia_14;stanfordnlp/snli;sentence-transformers/reddit-title-body;sentence-transformers/natural-questions;yahoo_answers_topics;ag_news;ms_marco	discard	exp-43: cls_mean pooling (CLS+mean concat then project); hard_neg_weight=1.0; LR=1e-5; top_k=7; temp=0.05; target richer token info vs CLS-only; baseline exp-33 primary=55.16
6c7ed9a	44.53	34.4	7.3	ms_marco;sentence-transformers/natural-questions;sentence-transformers/reddit-title-body;stanfordnlp/snli;sentence-transformers/stackexchange-duplicates;glue;ag_news;yahoo_answers_topics;fancyzhx/dbpedia_14	discard	exp-44: latent_attn pooling (K=4 trainable queries cross-attend encoder output, NV-Embed-v2 style); 5-min exploration; hard_neg_weight=1.0; baseline exp-33 primary=55.16
cc5722d	44.39	32.5	7.5	fancyzhx/dbpedia_14;glue;ms_marco;yahoo_answers_topics;sentence-transformers/natural-questions;stanfordnlp/snli;sentence-transformers/stackexchange-duplicates;ag_news;sentence-transformers/reddit-title-body	discard	exp-45: CLS pooling quick baseline (2+3+2 min); hard_neg_weight=1.0; to compare vs exp-44 latent_attn same training duration; baseline exp-33 primary=55.16
5bf35c8	50.30	37.3	105.3	glue;ms_marco;ag_news;sentence-transformers/natural-questions;stanfordnlp/snli;sentence-transformers/stackexchange-duplicates;fancyzhx/dbpedia_14;yahoo_answers_topics;sentence-transformers/reddit-title-body	discard	exp-46: latent_attn pooling full run (15+45+45 min); K=4 trainable query vectors cross-attend encoder output; hard_neg_weight=1.0; NV-Embed-v2 style; baseline exp-33 primary=55.16
238760a	29.37	34.1	7.3	yahoo_answers_topics;sentence-transformers/stackexchange-duplicates;sentence-transformers/reddit-title-body;fancyzhx/dbpedia_14;stanfordnlp/snli;glue;sentence-transformers/natural-questions;ag_news;ms_marco	discard	exp-47: layer_weighted pooling quick (2+3+2 min); learnable softmax weights over 22 CLS layer outputs; baseline exp-45 CLS quick=44.39
0476869	54.54	36.4	105.3	yahoo_answers_topics;ms_marco;fancyzhx/dbpedia_14;stanfordnlp/snli;ag_news;sentence-transformers/stackexchange-duplicates;sentence-transformers/natural-questions;glue;hotpot_qa;sentence-transformers/reddit-title-body	discard	exp-48: add HotpotQA retrieval pairs (question→supporting passage); full run 15+45+5+45 min; CLS pooling; target retrieval (SciFact 44.5, NFCorpus 19.19); baseline exp-33 primary=55.16
c724792	55.76	36.4	65.3	fancyzhx/dbpedia_14;sentence-transformers/reddit-title-body;ag_news;yahoo_answers_topics;stanfordnlp/snli;glue;sentence-transformers/stackexchange-duplicates;sentence-transformers/natural-questions;ms_marco;hotpot_qa	keep	exp-49: HotpotQA data + short fine-tuning (5 min); fix exp-48 overfitting (45min FT on 8000 samples = 58 epochs hurt); contrastive 45min; FT 5min; baseline exp-33 primary=55.16
85503c3	55.71	37.0	65.3	stanfordnlp/snli;glue;ag_news;yahoo_answers_topics;fancyzhx/dbpedia_14;sentence-transformers/natural-questions;sentence-transformers/reddit-title-body;ms_marco;sentence-transformers/stackexchange-duplicates	discard	exp-50: ablation remove HotpotQA, keep 5-min FT; isolate whether improvement in exp-49 (55.76) came from HotpotQA data vs short FT; baseline exp-33 primary=55.16 (no HotpotQA, 5-min FT same)
75c2f5e	56.81	36.4	80.3	sentence-transformers/reddit-title-body;ms_marco;sentence-transformers/natural-questions;ag_news;yahoo_answers_topics;glue;hotpot_qa;stanfordnlp/snli;fancyzhx/dbpedia_14;sentence-transformers/stackexchange-duplicates	keep	exp-51: extend contrastive to 60min (was 45min); HotpotQA included; 5-min FT; hypothesis: model not fully converging at 45min; baseline exp-49 primary=55.76
d6ca110	56.45	36.4	110.3	hotpot_qa;glue;sentence-transformers/natural-questions;fancyzhx/dbpedia_14;stanfordnlp/snli;sentence-transformers/stackexchange-duplicates;yahoo_answers_topics;sentence-transformers/reddit-title-body;ms_marco;ag_news	discard	exp-52: extend contrastive to 90min (was 60min); HotpotQA included; 5-min FT; hypothesis: more training = better; baseline exp-51 primary=56.81
2307c46	56.17	41.4	80.3	fancyzhx/dbpedia_14;sentence-transformers/stackexchange-duplicates;sentence-transformers/natural-questions;yahoo_answers_topics;stanfordnlp/snli;trivia_qa;glue;ms_marco;hotpot_qa;sentence-transformers/reddit-title-body;ag_news	discard	exp-53: add TriviaQA retrieval pairs (question→answer+context); 60-min contrastive; HotpotQA included; baseline exp-51 primary=56.81
b8ff765	56.21	69.3	80.3	sentence-transformers/natural-questions;sentence-transformers/reddit-title-body;yahoo_answers_topics;hotpot_qa;ms_marco;fancyzhx/dbpedia_14;glue;sentence-transformers/stackexchange-duplicates;ag_news;stanfordnlp/snli	discard	exp-54: larger contrastive batch_size=128 (was 64); more in-batch negatives per InfoNCE step; 60-min contrastive; HotpotQA; baseline exp-51 primary=56.81
fa652df	56.11	36.4	80.3	fancyzhx/dbpedia_14;stanfordnlp/snli;ms_marco;yahoo_answers_topics;sentence-transformers/natural-questions;hotpot_qa;sentence-transformers/stackexchange-duplicates;sentence-transformers/reddit-title-body;ag_news;glue	discard	exp-55: lower temperature 0.04 (was 0.05) for contrastive+FT; 60-min contrastive; batch=64; HotpotQA; hypothesis: harder discrimination = better embeddings; baseline exp-51 primary=56.81
3b285aa	54.80	38.8	80.3	sentence-transformers/reddit-title-body;yahoo_answers_topics;sentence-transformers/stackexchange-duplicates;ag_news;glue;stanfordnlp/snli;fancyzhx/dbpedia_14;hotpot_qa;sentence-transformers/natural-questions;ms_marco;google-research-datasets/paws	discard	exp-56: add PAWS paraphrase pairs (adversarial) to fix SICK-R regression from HotpotQA; 60-min contrastive; temp=0.05; batch=64; baseline exp-51 primary=56.81
7453ea8	47.26	36.4	80.3	sentence-transformers/reddit-title-body;stanfordnlp/snli;fancyzhx/dbpedia_14;hotpot_qa;glue;ag_news;yahoo_answers_topics;sentence-transformers/natural-questions;sentence-transformers/stackexchange-duplicates;ms_marco	discard	exp-57: symmetric InfoNCE (bidirectional query→pos + pos→query); 60-min contrastive; HotpotQA; hypothesis: 2x training signal improves representations; baseline exp-51 primary=56.81
e4f9140	56.31	36.4	80.3	fancyzhx/dbpedia_14;sentence-transformers/stackexchange-duplicates;sentence-transformers/natural-questions;sentence-transformers/reddit-title-body;stanfordnlp/snli;yahoo_answers_topics;glue;hotpot_qa;ms_marco;ag_news	discard	exp-58: Matryoshka Representation Learning (MRL) - InfoNCE at dims [768,512,256,128,64] averaged; 60-min contrastive; HotpotQA; hypothesis: MRL forces better info packing in early dims; baseline exp-51 primary=56.81
0adc323	55.26	37.3	85.3	yahoo_answers_topics;glue;sentence-transformers/stackexchange-duplicates;stanfordnlp/snli;hotpot_qa;sentence-transformers/natural-questions;ms_marco;fancyzhx/dbpedia_14;ag_news;sentence-transformers/reddit-title-body	discard	exp-59: extend warmup to 20min (was 15min); 60-min contrastive; HotpotQA; hypothesis: more paraphrase warmup fixes SICK-R regression; baseline exp-51 primary=56.81
906100e	0.00	0.0	0.0		crash	exp-60: implement actual cosine LR decay (was broken - lr_schedule config had no effect); warmup+cosine_decay now applied to contrastive; 60-min contrastive; baseline exp-51 primary=56.81
74525b0	57.11	36.4	80.3	hotpot_qa;glue;ms_marco;fancyzhx/dbpedia_14;ag_news;sentence-transformers/reddit-title-body;stanfordnlp/snli;sentence-transformers/stackexchange-duplicates;yahoo_answers_topics;sentence-transformers/natural-questions	keep	exp-61: fix crash from exp-60; actual cosine LR decay working; warmup uses linear_warmup_constant; contrastive uses cosine_decay from 5e-5 to 0; 60-min; HotpotQA; baseline exp-51 primary=56.81
56ec387	56.62	36.4	80.3	hotpot_qa;sentence-transformers/stackexchange-duplicates;fancyzhx/dbpedia_14;ag_news;glue;stanfordnlp/snli;sentence-transformers/natural-questions;yahoo_answers_topics;sentence-transformers/reddit-title-body;ms_marco	discard	exp-62: higher contrastive LR 8e-5 (was 5e-5) with cosine decay; 60-min; HotpotQA; hypothesis: higher peak LR + cosine decay = better convergence; baseline exp-61 primary=57.11
03052a0	55.56	36.4	80.3	ms_marco;sentence-transformers/stackexchange-duplicates;fancyzhx/dbpedia_14;stanfordnlp/snli;hotpot_qa;yahoo_answers_topics;sentence-transformers/reddit-title-body;ag_news;glue;sentence-transformers/natural-questions	discard	exp-63: lower contrastive LR 3e-5 (was 5e-5) with cosine decay; 60-min; HotpotQA; hypothesis: gentler learning keeps STS quality; baseline exp-61 primary=57.11
c66573a	57.00	36.4	80.3	hotpot_qa;glue;ms_marco;stanfordnlp/snli;yahoo_answers_topics;ag_news;sentence-transformers/reddit-title-body;fancyzhx/dbpedia_14;sentence-transformers/stackexchange-duplicates;sentence-transformers/natural-questions	discard	exp-64: warmup uses cosine_decay LR=1.5e-4 (was linear_warmup_constant LR=1e-4); contrastive cosine_decay 5e-5; 60-min; HotpotQA; baseline exp-61 primary=57.11
7217cbb	55.81	37.2	80.3	ag_news;ms_marco;sentence-transformers/stackexchange-duplicates;stanfordnlp/snli;glue;yahoo_answers_topics;sentence-transformers/natural-questions;sentence-transformers/reddit-title-body;fancyzhx/dbpedia_14;hotpot_qa	discard	exp-65: instruction-tuning for embeddings - task-specific query prefixes (e.g. 'Retrieve a passage that answers:'); 60-min cosine_decay contrastive; HotpotQA; baseline exp-61 primary=57.11
17c0680	56.40	36.4	95.3	sentence-transformers/reddit-title-body;stanfordnlp/snli;ms_marco;glue;yahoo_answers_topics;ag_news;sentence-transformers/natural-questions;hotpot_qa;fancyzhx/dbpedia_14;sentence-transformers/stackexchange-duplicates	discard	exp-66: contrastive 75min (interpolate between 60 and 90); cosine_decay LR=5e-5; HotpotQA; hypothesis: 60<75<90 sweet spot; baseline exp-61 primary=57.11 (60min) vs exp-52 56.45 (90min)
d9d0497	57.51	36.4	80.3	glue;ms_marco;sentence-transformers/natural-questions;sentence-transformers/reddit-title-body;stanfordnlp/snli;fancyzhx/dbpedia_14;hotpot_qa;ag_news;yahoo_answers_topics;sentence-transformers/stackexchange-duplicates	keep	exp-67: time-based cosine LR decay (fix: was step-estimate based which under-counted for long runs); 60-min contrastive; baseline exp-61 primary=57.11 (was step-based)
d47d69e	57.41	36.4	95.3	yahoo_answers_topics;sentence-transformers/natural-questions;stanfordnlp/snli;hotpot_qa;glue;ag_news;ms_marco;fancyzhx/dbpedia_14;sentence-transformers/stackexchange-duplicates;sentence-transformers/reddit-title-body	discard	exp-68: 75-min contrastive with time-based cosine decay (exp-66 used buggy step-based); baseline exp-67 primary=57.51 (60-min)
609bfa5	56.53	36.4	85.7	glue;fancyzhx/dbpedia_14;hotpot_qa;sentence-transformers/natural-questions;ag_news;sentence-transformers/stackexchange-duplicates;ms_marco;stanfordnlp/snli;yahoo_answers_topics;sentence-transformers/reddit-title-body	discard	exp-69: expand hard neg mining 8K→16K + fine-tuning 5min→10min; baseline exp-67 primary=57.51
5a31158	37.77	36.4	80.3	sentence-transformers/reddit-title-body;fancyzhx/dbpedia_14;sentence-transformers/stackexchange-duplicates;ms_marco;stanfordnlp/snli;ag_news;glue;sentence-transformers/natural-questions;yahoo_answers_topics;hotpot_qa	discard	exp-70: activate hard neg loss in fine-tuning (weight=2.0 vs 1.0 which was disabled); hypothesis: explicit hard negs boost retrieval; baseline exp-67 primary=57.51
793bd09	53.85	69.9	80.4	stanfordnlp/snli;sentence-transformers/stackexchange-duplicates;sentence-transformers/reddit-title-body;hotpot_qa;ms_marco;fancyzhx/dbpedia_14;sentence-transformers/natural-questions;yahoo_answers_topics;glue;ag_news	discard	exp-74: fix NaN gradient bug (attention mask -inf→-1e9 prevents all-masked softmax rows) + max_seq_length=512 (was 256 for all prior exps) + data scaling 50K/dataset (~328K pairs); batch=64 no grad_accum; hypothesis: longer sequences improve retrieval tasks; baseline exp-67 primary=57.51
8a94602	54.60	7.0	80.5	ms_marco;sentence-transformers/natural-questions;yahoo_answers_topics;glue;sentence-transformers/reddit-title-body;hotpot_qa;ag_news;fancyzhx/dbpedia_14;stanfordnlp/snli;sentence-transformers/stackexchange-duplicates	discard	exp-75: mean pooling (was CLS for all prior exps); all other params match exp-67 baseline; hypothesis: mean pooling captures richer all-token representation vs single CLS token, expected to improve retrieval and clustering; baseline exp-67 primary=57.51 (CLS pooling)
7db78ab	0.00				crash	exp-71: disable source_stratification (mixed batches instead of single-source); killed manually — NaN loss from first step, root cause was -inf attention masks not stratification; baseline exp-67 primary=57.51
7622d8a	0.00				crash	exp-72: data scaling 30K→50K/dataset + grad accum fix; NaN loss — root cause was -inf in attention masks (misattributed to LLRD/EMA/grad_ckpt); multiple attempts, all NaN; baseline exp-67 primary=57.51
5285ea5	0.00				crash	exp-73: max_seq_length=512 + batch=32 + grad_accum=2; NaN loss — same -inf attention mask root cause; baseline exp-67 primary=57.51
aa03013	53.16				discard	exp-76: disable fine-tuning stage (duration=0) + extend contrastive to 65min; eval hung during clustering task (fixed in c55dcaf); scores from run.log; baseline exp-67 primary=57.51
7ace5d0	52.88	37.3	80.6	glue;ms_marco;ag_news;hotpot_qa;stanfordnlp/snli;sentence-transformers/stackexchange-duplicates;sentence-transformers/reddit-title-body;sentence-transformers/natural-questions;yahoo_answers_topics;fancyzhx/dbpedia_14	discard	exp-77: SimCLR projection head (2-layer MLP 768→768→768 with GELU, train on projected space, eval on raw encoder); all other params match exp-67 baseline; hypothesis: projection head absorbs task noise → cleaner encoder representations → better generalization across all task types; baseline exp-67 primary=57.51
d6191a1	52.20	37.2	80.5	yahoo_answers_topics;hotpot_qa;ag_news;sentence-transformers/stackexchange-duplicates;sentence-transformers/natural-questions;sentence-transformers/reddit-title-body;ms_marco;fancyzhx/dbpedia_14;glue;stanfordnlp/snli	discard	exp-78: data scaling 50K/dataset (was 30K in exp-67 baseline, ~328K→~500K pairs); also fix: cache key now includes max_rows (previously stale 30K cache was reused); all other params match exp-67; hypothesis: more diverse training signal improves generalization; baseline exp-67 primary=57.51
5fe20a3	53.39	37.9	80.5	stanfordnlp/snli;glue;ms_marco;yahoo_answers_topics;sentence-transformers/reddit-title-body;sentence-transformers/stackexchange-duplicates;sentence-transformers/natural-questions;ag_news;hotpot_qa;fancyzhx/dbpedia_14	discard	exp-79: reproduce exp-67 baseline — revert attention masking to padding-only (no sliding window), restore grad_accum=4+batch=32 for FT; hypothesis: sliding window mask introduced in exp-73 caused regression in subsequent experiments; expected: ~57.5 (match exp-67); baseline exp-67 primary=57.51
fa5f2c5	52.96	39.0	80.4	ag_news;stanfordnlp/snli;sentence-transformers/natural-questions;fancyzhx/dbpedia_14;hotpot_qa;yahoo_answers_topics;sentence-transformers/reddit-title-body;glue;sentence-transformers/stackexchange-duplicates;ms_marco	discard	exp-80: LLRD decay=0.95 (lower layers get smaller LR, standard BERT FT technique) + increase MTEB timeout to 10min (fix RedditClustering timeout); grad_accum=4, batch=64/32, CLS pooling, seq_len=256; hypothesis: LLRD preserves pretrained lower-layer features while adapting upper layers → +1-2 points; baseline exp-67 primary=57.51
09a71cd	53.67	37.9	80.4	stanfordnlp/snli;sentence-transformers/stackexchange-duplicates;glue;sentence-transformers/natural-questions;fancyzhx/dbpedia_14;hotpot_qa;ms_marco;ag_news;sentence-transformers/reddit-title-body;yahoo_answers_topics	discard	exp-81: fix critical bug — grad_accum=1 (exp-67 config said 4 but code had NO grad_accum implementation, so actual was 1; exps 78-80 accidentally used grad_accum=4 causing 4x larger effective batch and fewer optimizer steps); LLRD=0.95; MTEB timeout=10min; hypothesis: fixing grad_accum to match exp-67's actual behavior + LLRD should reproduce/beat 57.51
6af9820	57.72	37.5	80.3	stanfordnlp/snli;sentence-transformers/natural-questions;hotpot_qa;ms_marco;fancyzhx/dbpedia_14;glue;sentence-transformers/reddit-title-body;yahoo_answers_topics;ag_news;sentence-transformers/stackexchange-duplicates	keep	exp-82: exact exp-67 code reproduction (reverted train.py + model.py to exp-67 commit d9d0497); only diff is config fields (llrd_decay, ema_decay, etc.) which are ignored by old code; hypothesis: should reproduce ~57.51 primary score
5f8e98f	57.46	36.5	80.3	fancyzhx/dbpedia_14;glue;ms_marco;ag_news;hotpot_qa;yahoo_answers_topics;stanfordnlp/snli;sentence-transformers/reddit-title-body;sentence-transformers/natural-questions;sentence-transformers/stackexchange-duplicates	discard	exp-83: data scaling 100K/dataset (was 30K in exp-82 baseline); expect ~500K+ pairs from larger datasets (reddit, NQ, MS-MARCO); all other code identical to exp-82; hypothesis: more diverse training data is highest-ROI improvement per program.md; baseline exp-82 primary=57.72
e60dc9e	57.19	37.5	110.3	ag_news;ms_marco;fancyzhx/dbpedia_14;yahoo_answers_topics;sentence-transformers/natural-questions;glue;sentence-transformers/stackexchange-duplicates;sentence-transformers/reddit-title-body;stanfordnlp/snli;hotpot_qa	discard	exp-85: symmetric InfoNCE loss (bidirectional: query→positive + positive→query) for both warmup and contrastive stages; 90-min contrastive; hypothesis: symmetric loss doubles contrastive signal and improves retrieval tasks; baseline exp-84 primary=57.89
b6da9d1	55.99				discard	exp-84: extend contrastive to 90min; INCOMPLETE eval — 7/8 tasks (RedditClustering timed out, scored as 0); NOT comparable to full 8-task evals
ac3eb8a	54.40				discard	exp-87: baseline rerun with L2 grad norm (REGRESSED — reverted); full 8/8 eval; L2 clip cost 48% steps; baseline exp-82 primary=57.72
8bd4add	56.13	35.7	80.5	sentence-transformers/reddit-title-body;sentence-transformers/stackexchange-duplicates;ms_marco;ag_news;stanfordnlp/snli;yahoo_answers_topics;fancyzhx/dbpedia_14;hotpot_qa;glue;sentence-transformers/natural-questions	discard	exp-88: MinHash cross-dataset deduplication (word 3-gram, 64 perms, threshold=0.5); removes near-duplicate pairs across 10 training datasets; hypothesis: dedup removes noisy/redundant pairs that waste compute and bias contrastive loss (false negatives); all other config identical to exp-82 baseline (60-min contrastive, temp=0.05, CLS, seq_len=256, batch=64); baseline exp-82 primary=57.72
95e09fc	55.50	37.5	80.6	fancyzhx/dbpedia_14;stanfordnlp/snli;sentence-transformers/natural-questions;sentence-transformers/reddit-title-body;yahoo_answers_topics;ms_marco;hotpot_qa;ag_news;glue;sentence-transformers/stackexchange-duplicates	discard	exp-89: fix hard neg gate (>0.0 not >1.0) + enable hard negs in fine-tuning (weight=1.0, natural scale); fix hard neg loss formula (remove logit amplification that destroyed exp-70); hypothesis: hard neg mining was always wasted because the gate silently disabled hard negs in fine-tuning — enabling them at natural scale should improve retrieval tasks; baseline exp-82 primary=57.72
32e1397	57.91	36.5	140.5	yahoo_answers_topics;stanfordnlp/snli;glue;fancyzhx/dbpedia_14;sentence-transformers/reddit-title-body;ms_marco;ag_news;hotpot_qa;sentence-transformers/natural-questions;sentence-transformers/stackexchange-duplicates	keep	exp-91: data scaling 100K/dataset (655K pairs) + 120min contrastive (2x baseline); fix max_rows_per_dataset to read from config (was hardcoded 30K); exp-83 used 100K data but only 60min training — model saw each pair ~1.5x vs 3x at baseline; hypothesis: proportional training time with more data will improve score; baseline exp-82 primary=57.72
63c7da2	39.21	36.5	140.9	stanfordnlp/snli;ag_news;sentence-transformers/natural-questions;sentence-transformers/stackexchange-duplicates;yahoo_answers_topics;ms_marco;glue;hotpot_qa;fancyzhx/dbpedia_14;sentence-transformers/reddit-title-body	discard	exp-92: LLRD decay=0.95 (layer-wise LR decay); lower layers get 34%-57% of base LR, preserving pretrained features while adapting upper layers more; standard for BERT fine-tuning (GTE, NV-Embed, Arctic-Embed all use this); all other config same as exp-91 (100K/dataset, 120min contrastive); baseline exp-91 primary=57.91
281ee00	56.60	36.5	140.9	sentence-transformers/natural-questions;hotpot_qa;ms_marco;yahoo_answers_topics;sentence-transformers/reddit-title-body;stanfordnlp/snli;sentence-transformers/stackexchange-duplicates;glue;ag_news;fancyzhx/dbpedia_14	discard	exp-93: 2x contrastive LR (1e-4 vs 5e-5); with 655K pairs and 120min, higher LR may push further into the loss landscape; warmup LR unchanged at 1e-4; hypothesis: higher LR exploits the larger dataset more effectively; all other config same as exp-91 (100K/dataset, 120min, CLS, temp=0.05, batch=64); baseline exp-91 primary=57.91
928d0fd	0.00	0.0	0.0		crash	exp-94: batch=128 contrastive (2x in-batch negatives, 127 vs 63); linear-scaled LR=1e-4 (from batch=64/LR=5e-5); exp-93 showed LR=1e-4 at batch=64 regressed (56.60 vs 57.91) — the proper test requires batch=128 per linear scaling rule; more negatives per step improves contrastive signal, especially for retrieval; all other config same as exp-91; baseline exp-91 primary=57.91
705b227	56.31	58.8	140.5	ms_marco;stanfordnlp/snli;fancyzhx/dbpedia_14;sentence-transformers/natural-questions;ag_news;glue;yahoo_answers_topics;sentence-transformers/reddit-title-body;hotpot_qa;sentence-transformers/stackexchange-duplicates	discard	exp-94: batch=96 contrastive (1.5x in-batch negatives, 95 vs 63); linear-scaled LR=7.5e-5 (from batch=64/LR=5e-5); batch=128 hung at 51GB due to Metal memory; batch=96 stays under tiled-loss threshold, uses standard InfoNCE; more negatives per step improves contrastive signal for retrieval; all other config same as exp-91; baseline exp-91 primary=57.91
93e4fe6	57.71	38.5	140.7	yahoo_answers_topics;hotpot_qa;ms_marco;sentence-transformers/reddit-title-body;stanfordnlp/snli;fancyzhx/dbpedia_14;sentence-transformers/natural-questions;glue;qiaojin/PubMedQA;ag_news;sentence-transformers/stackexchange-duplicates	discard	exp-95: add PubMedQA biomedical training data (211K question-context pairs from qiaojin/PubMedQA pqa_artificial); directly targets our weakest tasks: NFCorpus=20.31, SciFact=49.52; no other config changes from exp-91 baseline (batch=64, LR=5e-5, 120min contrastive, CLS, temp=0.05); hypothesis: biomedical domain data improves retrieval scores; baseline exp-91 primary=57.91
2a1c6af	58.23	38.4	160.8	sentence-transformers/stackexchange-duplicates;hotpot_qa;fancyzhx/dbpedia_14;glue;stanfordnlp/snli;sentence-transformers/natural-questions;qiaojin/PubMedQA;ag_news;sentence-transformers/reddit-title-body;yahoo_answers_topics;ms_marco	keep	exp-96: PubMedQA + 140min contrastive (proportional to 756K pairs); exp-95 showed PubMedQA helped SciFact (+2.47) and clustering (+2.65 20news) but STS regressed (-2.18) — likely from insufficient training with 15% more data; 140min gives same pairs-per-minute as exp-91 (120min/655K); all other config same as exp-91; baseline exp-91 primary=57.91, exp-95 primary=57.71
3711cbf	57.57	38.4	200.7	sentence-transformers/stackexchange-duplicates;sentence-transformers/reddit-title-body;glue;ag_news;qiaojin/PubMedQA;stanfordnlp/snli;ms_marco;yahoo_answers_topics;sentence-transformers/natural-questions;fancyzhx/dbpedia_14;hotpot_qa	discard	exp-97: extended contrastive to 180min (exp-96 loss 0.312 not saturated); PubMedQA data (756K pairs); same LR=5e-5, batch=64, CLS, temp=0.05; 180min gives ~4.5 passes over 756K pairs vs 3.5 in exp-96; hypothesis: more training improves all task categories; baseline exp-96 primary=58.23 (NEW BEST)
b42588a	58.69	38.0	160.7	sentence-transformers/reddit-title-body;sentence-transformers/natural-questions;glue;hotpot_qa;ag_news;fancyzhx/dbpedia_14;sentence-transformers/stackexchange-duplicates;sentence-transformers/s2orc;ms_marco;qiaojin/PubMedQA;yahoo_answers_topics;stanfordnlp/snli	keep	exp-98: add S2ORC scientific title-abstract pairs (sentence-transformers/s2orc, streaming); targets weak retrieval (SciFact, NFCorpus) and clustering diversity; 140min contrastive (180min overfit in exp-97); code adds s2orc_title_abstract format handler; hypothesis: scientific domain data improves retrieval like PubMedQA did; baseline exp-96 primary=58.23
04d3017	58.55	36.5	180.7	sentence-transformers/reddit-title-body;sentence-transformers/natural-questions;yahoo_answers_topics;sentence-transformers/s2orc;hotpot_qa;qiaojin/PubMedQA;copenlu/fever_gold_evidence;sentence-transformers/stackexchange-duplicates;stanfordnlp/snli;fancyzhx/dbpedia_14;ag_news;glue;ms_marco	discard	exp-99: add FEVER claim-evidence pairs (copenlu/fever_gold_evidence, SUPPORTS only) + 160min contrastive (proportional to ~936K pairs); FEVER targets fact-based retrieval like SciFact; combined with S2ORC (exp-98) and PubMedQA; hypothesis: more retrieval diversity improves SciFact and NFCorpus; baseline exp-98 primary=58.69 (NEW BEST)
4fab3f7	58.20	36.5	160.9	sentence-transformers/natural-questions;ag_news;fancyzhx/dbpedia_14;yahoo_answers_topics;stanfordnlp/snli;qiaojin/PubMedQA;sentence-transformers/stackexchange-duplicates;hotpot_qa;sentence-transformers/s2orc;sentence-transformers/reddit-title-body;glue;ms_marco;copenlu/fever_gold_evidence	discard	exp-100: FEVER + S2ORC + PubMedQA at 140min contrastive (exp-99 showed 160min slightly overfit, 58.55 vs 58.69); exp-99 SciFact improved +2.45 from FEVER but pair_class regressed — testing whether 140min fixes regression while keeping SciFact gains; 908K pairs, 13 datasets; baseline exp-98 primary=58.69
22317aa	0.00	0.0	0.0		crash	exp-101: replace SNLI with AllNLI triplets (sentence-transformers/all-nli, triplet config); AllNLI = SNLI+MNLI with hard negatives (anchor/positive/negative); adds MNLI genre diversity + contrastive hard negatives; FEVER removed (hurt pair_class); 12 datasets, 140min contrastive; hypothesis: hard negatives from AllNLI improve STS/pair_class while maintaining retrieval; baseline exp-98 primary=58.69
22317aa	0.00	0.0	0.0		crash	exp-101: replace SNLI with AllNLI triplets (sentence-transformers/all-nli, triplet config); AllNLI = SNLI+MNLI with hard negatives (anchor/positive/negative); adds MNLI genre diversity + contrastive hard negatives; FEVER removed (hurt pair_class); 12 datasets, 140min contrastive; hypothesis: hard negatives from AllNLI improve STS/pair_class while maintaining retrieval; baseline exp-98 primary=58.69
22317aa	0.00	0.0	0.0		crash	exp-101: replace SNLI with AllNLI triplets (sentence-transformers/all-nli, triplet config); AllNLI = SNLI+MNLI with hard negatives (anchor/positive/negative); adds MNLI genre diversity + contrastive hard negatives; FEVER removed (hurt pair_class); 12 datasets, 140min contrastive; hypothesis: hard negatives from AllNLI improve STS/pair_class while maintaining retrieval; baseline exp-98 primary=58.69
2d6e409	55.50	38.1	170.5	fancyzhx/dbpedia_14;ag_news;sentence-transformers/reddit-title-body;hotpot_qa;ms_marco;sentence-transformers/s2orc;sentence-transformers/natural-questions;stanfordnlp/snli;sentence-transformers/stackexchange-duplicates;qiaojin/PubMedQA;glue;yahoo_answers_topics	discard	exp-102: re-enable hard negative fine-tuning (weight=1.0, was disabled at 0.0 since exp-71) + extend to 15min (was 5min); mined hard negs are computed but currently wasted; weight=1.0 treats hard negs equal to in-batch (2.0 crashed exp-70); 15min gives ~3 passes over 8K mined pairs; hypothesis: properly using hard negatives improves retrieval (SciFact/NFCorpus); same data as exp-98 (SNLI restored, AllNLI OOM'd); baseline exp-98 primary=58.69
8e89af0	59.94	38.1	160.5	glue;sentence-transformers/natural-questions;sentence-transformers/stackexchange-duplicates;yahoo_answers_topics;qiaojin/PubMedQA;sentence-transformers/reddit-title-body;fancyzhx/dbpedia_14;hotpot_qa;stanfordnlp/snli;sentence-transformers/s2orc;ag_news;ms_marco	keep	exp-103: symmetric InfoNCE during contrastive (query→pos + pos→query averaged); doubles gradient signal per pair; standard in SimCSE/E5/GTE; exp-102 showed hard_neg fine-tuning causes catastrophic forgetting — reverted to disabled; same data/config as exp-98 otherwise; hypothesis: symmetric loss improves representation quality across all task categories; baseline exp-98 primary=58.69
7c5f9c8	59.98	38.1	160.4	ms_marco;yahoo_answers_topics;sentence-transformers/stackexchange-duplicates;glue;sentence-transformers/natural-questions;sentence-transformers/s2orc;hotpot_qa;qiaojin/PubMedQA;fancyzhx/dbpedia_14;stanfordnlp/snli;sentence-transformers/reddit-title-body;ag_news	keep	exp-104: temperature annealing during contrastive (0.07→0.03); softer distribution early = more exploration, sharper late = better discrimination; proven technique in SimCLR/CLIP; all other settings match exp-103 (symmetric InfoNCE, 12 datasets, 140min contrastive); hypothesis: annealing improves final representation quality especially for retrieval; baseline exp-103 primary=59.94 (NEW BEST)
db1630a	59.40	40.9	160.5	sentence-transformers/reddit-title-body;sentence-transformers/s2orc;sentence-transformers/stackexchange-duplicates;hotpot_qa;ms_marco;ag_news;glue;fancyzhx/dbpedia_14;stanfordnlp/snli;sentence-transformers/natural-questions;yahoo_answers_topics;qiaojin/PubMedQA	discard	exp-105: data scaling 2x (100K→200K max_rows_per_dataset); more unique training pairs with same 140min contrastive (21% sat at 100K = plenty of learning capacity); temperature reverted to fixed 0.05 (exp-104 annealing was +0.04, within noise); program.md says Data > everything; hypothesis: 2x unique pairs significantly improves all categories; baseline exp-104 primary=59.98 (NEW BEST)
a68a54b	59.64	40.9	220.6	ag_news;ms_marco;qiaojin/PubMedQA;glue;stanfordnlp/snli;sentence-transformers/stackexchange-duplicates;sentence-transformers/reddit-title-body;sentence-transformers/natural-questions;yahoo_answers_topics;hotpot_qa;fancyzhx/dbpedia_14;sentence-transformers/s2orc	discard	exp-106: 200K data + 200min contrastive (exp-105 showed 200K@140min undertrained: 18% sat, STS -0.94, SprintDup -4.36, but SciFact +3.50; scaling contrastive proportionally to data increase; hypothesis: longer training recovers STS/PairClass while keeping SciFact gains from data diversity; baseline exp-104 primary=59.98 (NEW BEST)
056ce57	0.00	0.0	0.0		crash	exp-107: longer contrastive 180min on 100K data (revert data to exp-104 baseline); exp-105/106 showed 200K data helps retrieval/clustering but hurts STS/PairClass via dilution (-2.01 SprintDup even at 200min); instead test more compute on same data — exp-104 had 21% sat at 140min suggesting room for improvement; hypothesis: 180min pushes saturation higher and improves all categories without dilution tradeoff; baseline exp-104 primary=59.98 (NEW BEST)
37895de	0.00	0.0	0.0		crash	exp-107: retry — longer contrastive 180min on 100K data (revert data to exp-104 baseline); previous run killed by OOM at step 950 (exit 137); exp-105/106 showed 200K data helps retrieval/clustering but hurts STS/PairClass via dilution; hypothesis: 180min on 100K improves all categories without dilution; baseline exp-104 primary=59.98 (NEW BEST)
955a0eb	0.00	0.0	0.0		crash	exp-107: retry2 — longer contrastive 180min on 100K data (revert data to exp-104 baseline); exp-105/106 showed 200K data hurts STS/PairClass via dilution; hypothesis: more compute on same data improves without dilution tradeoff; baseline exp-104 primary=59.98
472dd7f	65.16	38.1	200.8	ag_news;sentence-transformers/natural-questions;ms_marco;sentence-transformers/reddit-title-body;yahoo_answers_topics;qiaojin/PubMedQA;glue;hotpot_qa;fancyzhx/dbpedia_14;sentence-transformers/s2orc;stanfordnlp/snli;sentence-transformers/stackexchange-duplicates	keep	exp-107: retry4 — 180min contrastive on 100K data; baseline exp-104 primary=59.98
7949661	58.36	38.1	216.2	sentence-transformers/natural-questions;sentence-transformers/s2orc;sentence-transformers/reddit-title-body;sentence-transformers/stackexchange-duplicates;hotpot_qa;yahoo_answers_topics;ms_marco;stanfordnlp/snli;ag_news;glue;qiaojin/PubMedQA;fancyzhx/dbpedia_14	discard	exp-108: skip fine-tuning (99% sat = wasted compute) + extend contrastive to 200min; fix nano retrieval score parsing (train split); exp-107 corrected baseline primary=62.29 (21-task); hypothesis: removing saturated fine-tuning prevents overfit while more contrastive improves all categories
74c53f9	61.87	35.6	201.2	glue;fancyzhx/dbpedia_14;sentence-transformers/reddit-title-body;ms_marco;stanfordnlp/snli;ag_news;qiaojin/PubMedQA;sentence-transformers/s2orc;yahoo_answers_topics;sentence-transformers/natural-questions;hotpot_qa;sentence-transformers/stackexchange-duplicates	discard	exp-109: mean pooling instead of CLS (GTE/E5/all-MiniLM all use mean; exp-90 tested mean but only had 8-task eval; now with 21-task eval including 13 retrieval tasks); mean pools all tokens vs CLS which uses only one; hypothesis: mean pooling improves retrieval/clustering by using richer representation; baseline exp-107 corrected primary=62.29 (21-task)
85677ab	0.00	0.0	0.0		crash	exp-110: re-add FEVER claim-evidence pairs (copenlu/fever_gold_evidence, SUPPORTS only); exp-99/100 showed FEVER helps retrieval (SciFact +2.45) but hurt pair_class (-2.78 SprintDup); with 21-task eval (13 retrieval vs 2 pair_class), retrieval benefit should dominate; 190min contrastive (proportional to ~915K pairs); CLS pooling (exp-109 showed mean was flat); baseline exp-107 corrected primary=62.29 (21-task)
fd1dfb2	61.82	37.3	210.9	sentence-transformers/stackexchange-duplicates;sentence-transformers/natural-questions;sentence-transformers/s2orc;glue;ag_news;sentence-transformers/reddit-title-body;stanfordnlp/snli;qiaojin/PubMedQA;copenlu/fever_gold_evidence;fancyzhx/dbpedia_14;yahoo_answers_topics;ms_marco;hotpot_qa	discard	exp-110: retry — re-add FEVER claim-evidence pairs + 190min contrastive; previous run OOM'd during MTEB eval (training completed, STS=78.63 SICK-R=74.08 before crash); same config as commit 85677ab; baseline exp-107 corrected primary=62.29 (21-task)
24c4ec0	62.41	38.1	200.8	fancyzhx/dbpedia_14;ag_news;sentence-transformers/reddit-title-body;yahoo_answers_topics;sentence-transformers/natural-questions;sentence-transformers/stackexchange-duplicates;hotpot_qa;qiaojin/PubMedQA;sentence-transformers/s2orc;ms_marco;stanfordnlp/snli;glue	discard	exp-111: lower contrastive temperature 0.03 (was 0.05); sharper similarity distribution should improve retrieval discrimination; revert FEVER (exp-110 showed it hurt retrieval -2.54); 180min contrastive, 12 datasets, CLS pooling — matches exp-107 config except temp; exp-107 non-retrieval primary=65.17 but retrieval OOM'd; exp-110 6-cat primary=61.82; hypothesis: lower temp specifically improves retrieval (weakest category at ~44-47)
2cdc8c6	61.79	38.1	200.8	ms_marco;sentence-transformers/natural-questions;ag_news;stanfordnlp/snli;sentence-transformers/s2orc;sentence-transformers/stackexchange-duplicates;glue;sentence-transformers/reddit-title-body;yahoo_answers_topics;fancyzhx/dbpedia_14;qiaojin/PubMedQA;hotpot_qa	discard	exp-112: even lower contrastive temperature 0.02 (exp-111 showed 0.03 improved retrieval +3.53 vs 0.05 at temp=0.05); sharper distribution for better discrimination; same 12 datasets, 180min, CLS pooling as exp-111; exp-111 primary=62.41 (6-cat best so far), retrieval=48.06; hypothesis: 0.02 pushes retrieval higher while maintaining other categories
